{
  "speed_mean": 53.7190211024135,
  "speed_std": 20.261430789619176,
  "accel_mean": 1.246416611527276e-06,
  "accel_std": 0.00857042182017722,
  "sg_filter_applied": true,
  "sg_window": 13,
  "sg_poly": 1,
  "note": "Acceleration was SG filtered BEFORE normalization. Speed std corrected to match raw data."
}